step,loss,m1,m2,L1,L2
1,1.1112378643155767,1.3636457522196144,1.509256545180429,1.2177438288619693,1.1582332208555055
2,0.8027886822071564,1.3675609740521544,1.5057190580419682,1.195536202010047,1.1709383689706385
3,0.4090266376749018,1.3737674137161993,1.500098735895477,1.1565981327984467,1.191396319081047
4,0.12991566581650513,1.3805314273438098,1.4939614520552749,1.1081132080737233,1.2142801195236161
5,0.030033924910747415,1.3868441750540401,1.488229854713072,1.057616747273819,1.2360365521006165
6,0.06557477362715963,1.3925214374593742,1.483075340796324,1.0112093328681415,1.255286107121058
7,0.16369427114504692,1.397810606189124,1.4782676137466053,0.972888181916537,1.2719868045472131
8,0.265408672382013,1.403038531390247,1.4734984399046542,0.9447812154111505,1.2865883868639352
9,0.33553885472657236,1.408445335994522,1.468538064148357,0.9276286341226947,1.29957462487405
10,0.35985219350608993,1.4141432912336411,1.4632759334864176,0.9212013112322507,1.3112935587868395
11,0.3396923279675581,1.420128917608347,1.457711340522186,0.9245868200604518,1.3219284570358434
12,0.28680334844747646,1.4263102205878508,1.45192944452987,0.9363778793313913,1.3315237941528295
13,0.21832085977041155,1.4325363150290187,1.4460745135993123,0.9548135267552703,1.3400301811311977
14,0.1519073696110927,1.438627479811433,1.4403219616512632,0.9779053548709579,1.347355530105004
15,0.10148645627135494,1.4444051944813157,1.4348493463722298,1.003567320356796,1.3534153502169797
16,0.07436558664733124,1.4497192889456605,1.4298090811320798,1.0297574477781712,1.3581736028236693
17,0.07053246243572307,1.4544670940328714,1.4253082080525625,1.054623202292755,1.3616651421074837
18,0.08421775024835643,1.4586002726237741,1.4214001292310123,1.0766264876970546,1.3639950993071406
19,0.10680651131417797,1.4621189796420948,1.418089276495358,1.094623471341477,1.3653182055023694
20,0.12975034992495588,1.4650574459268484,1.415344969637539,1.1078896436084482,1.3658074528532997
21,0.14655248516476976,1.467467144482518,1.4131182659180956,1.116098936461246,1.3656231691766523
22,0.1536248743399534,1.4694027799082663,1.411356290670047,1.1192755619367418,1.3648907072834322
23,0.1502799231412532,1.4709138494718834,1.4100110159669246,1.117736249552107,1.363690280324761
24,0.13820630920615345,1.4720420907377711,1.4090419988528946,1.11203349376928,1.3620585089402375
25,0.12067606884276444,1.4728235213107392,1.4084143318587634,1.102902805241197,1.3599988508444631
26,0.10162836011220569,1.4732929968449997,1.408093936166124,1.0912119575653614,1.3574969833102513
27,0.08474870270142888,1.4734890507215876,1.4080425405915051,1.0779086859308298,1.3545369612263949
28,0.07268887783555462,1.4734571063547979,1.4082143636326,1.0639647378976695,1.3511144189391167
29,0.06658709484642636,1.473249897704097,1.4085557311044392,1.050317323228364,1.347244224319779
30,0.06599772188740309,1.4729249241543767,1.409007808165908,1.0378121415118016,1.3429616719269686
31,0.0692254278760758,1.4725396971786964,1.4095116357753,1.0271537525224403,1.3383180691827326
32,0.07393408480328884,1.472146102329518,1.4100140679649111,1.0188684778577144,1.3333728658342812
33,0.07782988617086765,1.47178526938957,1.4104731452322914,1.0132828240840865,1.3281849524513714
34,0.07922666872143352,1.4714840122593804,1.4108618010566436,1.0105178059749687,1.3228054332721348
35,0.07736872374585835,1.4712533919854565,1.4111693394638796,1.0104975761136712,1.3172733671290537
36,0.07247251398210926,1.4710894719435013,1.41140062782053,1.012969828478553,1.3116150248431873
37,0.06552302471659607,1.4709759686098736,1.4115733237156127,1.0175353307350343,1.3058463738358423
38,0.05791017683821282,1.4708882567876786,1.4117137011211596,1.0236841916184296,1.2999778676171447
39,0.051014292580177346,1.470798035848337,1.4118517939199242,1.0308366779335947,1.2940202096033133
40,0.04584845425619266,1.4706778959852524,1.4120166442834883,1.0383863571106084,1.2879895977987548
41,0.04284139129742534,1.4705050653795515,1.4122324024527626,1.045743090730906,1.2819110823948523
42,0.04180175235424497,1.4702637991762366,1.4125158404552012,1.0523731539556995,1.2758191090210913
43,0.04205349460388375,1.46994618030406,1.4128755218465598,1.0578337523559522,1.2697550244330915
44,0.042687085634188854,1.4695514724581507,1.4133124828016876,1.0617995781834604,1.263762128483581
45,0.042845058194222116,1.4690844871233981,1.413821942658347,1.06407973120783,1.257879532647636
46,0.04195897539671062,1.4685535944516224,1.4143953856896747,1.0646241363313247,1.2521364119471607
47,0.03987589699533988,1.4679689704534313,1.4150223952483505,1.0635193437666188,1.246548100893029
48,0.036848567198774024,1.4673414549927843,1.4156918501198492,1.0609742415339056,1.2411149268963424
49,0.03340488322880548,1.4666820866485333,1.4163924154486607,1.0572968146194828,1.2358238808140174
50,0.030147654422534097,1.466002100789731,1.417112551746011,1.052863747733645,1.230652457287336
51,0.027554364401610715,1.4653130274852004,1.4178404198679715,1.0480853875227056,1.2255735067593518
52,0.025841639530431927,1.4646265495874815,1.4185640333794438,1.0433692013365217,1.220559868071751
53,0.024931847409249665,1.4639539482897321,1.4192718352174296,1.0390851571105557,1.2155878730590464
54,0.024520642733293112,1.4633051879665862,1.4199536429669277,1.0355362326976019,1.210639362360226
55,0.024210000928965726,1.462687876674535,1.4206017174775414,1.0329365553826064,1.20570239160801
56,0.023653779897512033,1.4621064177840564,1.4212116299372373,1.0313986664994599,1.2007711489714739
57,0.02266594071828178,1.4615616281845454,1.421782645729474,1.0309303666567027,1.19584566848418
58,0.021260600214288137,1.461050968882063,1.4223174779253365,1.0314407278165838,1.190931741717048
59,0.01961913097345385,1.4605693644074866,1.4228214374248767,1.0327542303068367,1.1860411085527116
60,0.018003650830566206,1.4601104285424924,1.4233011691193487,1.0346315471622471,1.1811916754766465
61,0.016651881372931752,1.4596678065454678,1.423763272350381,1.0367951553156,1.1764072859777714
62,0.01569182990258364,1.4592363165958184,1.4242131308884922,1.03895762862962,1.1717165390701922
63,0.0151054353257658,1.458812636392294,1.4246542118580465,1.040850160599038,1.1671503524240456
64,0.014751056250833477,1.4583954209225816,1.4250879488574721,1.0422486525075958,1.1627383561118414
65,0.01443188632665286,1.457984912343758,1.4255141451833937,1.0429947086695275,1.1585046606376872
66,0.013979708913111854,1.4575822512492171,1.4259316815662615,1.0430092170173253,1.1544638940365413
67,0.013318499117012807,1.4571887631460763,1.4263392475846162,1.0422969109391427,1.150618485717206
68,0.012482907219713178,1.4568054505656716,1.426735861261974,1.0409413619561991,1.1469579223608557
69,0.011588011630874136,1.4564327947579436,1.4271210713186948,1.0390910976651242,1.1434601898254382
70,0.010768637746055755,1.4560708248848553,1.4274948859368486,1.03693875424258,1.1400950399874148
71,0.010118363369996124,1.4557193155274426,1.4278575707637728,1.0346961121817608,1.1368283036802491
72,0.009655025870892611,1.455377962084495,1.4282094698564503,1.0325683307388986,1.1336263466852647
73,0.0093242394926376,1.4550464473159406,1.4285509378996148,1.030730611481573,1.1304599276471863
74,0.009033938015581966,1.4547244045796317,1.4288823777686777,1.0293099511388752,1.1273070377342285
75,0.008700307428254521,1.4544113523971631,1.4292043072019722,1.0283737671794466,1.1241546177495256
76,0.008283356941250203,1.4541066900738968,1.4295173632119107,1.027926206264361,1.1209992421483244
77,0.007797934020131675,1.4538098053571742,1.4298221925168801,1.0279120378573383,1.1178469022197923
78,0.0072985224873061355,1.453520277190741,1.430119245467375,1.028227268764714,1.1147119631678208
79,0.006847860147527793,1.453238094158696,1.430408554371473,1.0287349939283255,1.1116153026697944
80,0.006485589736253823,1.4529637822162071,1.4306896043434867,1.0292845057019455,1.1085816461187348
81,0.0062116463925971505,1.4526983580486914,1.4309613814371374,1.0297313249755307,1.1056362358802265
82,0.005990895147885734,1.452443089528136,1.4312226165139985,1.0299556484477759,1.1028011821357522
83,0.005774635177560298,1.4521991248007817,1.4314721620247353,1.029876816248309,1.1000920531512712
84,0.0055264221254025525,1.4519671098630238,1.431709379888964,1.0294618681126702,1.097515358950278
85,0.005238462426560402,1.451746922860256,1.4319344104538303,1.0287270779281115,1.0950674821553918
86,0.004931080312437326,1.451537607852134,1.4321482388957967,1.0277324310560787,1.0927353145292953
87,0.004637610965477916,1.4513375149129035,1.4323525524555538,1.0265701329052423,1.0904984627009835
88,0.004384673522456478,1.4511445846748885,1.4325494515258625,1.025349166831905,1.0883325360906606
89,0.004178994438310737,1.4509566834262553,1.432741109877144,1.0241784538498733,1.0862128428333755
90,0.004006849085009136,1.4507719058689634,1.4329294680066387,1.0231512167450376,1.0841178317147826
91,0.0038445018743648515,1.450588799853601,1.4331160058032968,1.0223327590266649,1.0820317791171041
92,0.0036723750724069193,1.45040650493936,1.4333016026776217,1.0217531725540216,1.0799464357894304
93,0.003484779257296041,1.4502248157505078,1.4334864739511377,1.0214056553548359,1.077861538208062
94,0.0032906092873625217,1.4500441788723486,1.4336701745704292,1.0212502954366458,1.0757842204878336
95,0.003105910665213151,1.449865619397858,1.433851673991956,1.021222449278091,1.0737274498018912
96,0.0029435237050999445,1.4496905861842526,1.4340295131987668,1.021244267250791,1.071707687046086
97,0.0028059876262019807,1.4495207143671802,1.4342020451962312,1.0212375310963038,1.0697420697078337
98,0.002685331246246753,1.4493575292060314,1.434367734539378,1.021135814853725,1.0678455169929637
99,0.0025690083058044874,1.4492021448827554,1.4345254616400995,1.0208941057490388,1.0660282261548397
100,0.002447713950058131,1.4490550284462476,1.4346747609615775,1.020494445706038,1.0642940105804113
101,0.002320187246485655,1.4489158906672757,1.4348159308242447,1.0199468392972024,1.0626397946853543
102,0.002192520410650899,1.4487837327815711,1.4349499857247014,1.0192855080629253,1.0610563470725611
103,0.002073168416276782,1.4486570344163003,1.4350784661781928,1.0185613859139637,1.0595300681897275
104,0.0019673273275019228,1.4485340318962951,1.4352031574886461,1.0178323701516838,1.0580454355520632
105,0.0018742050692284956,1.448413020557192,1.4353257844949254,1.0171531419806827,1.0565876087430797
106,0.0017883957321013525,1.4482926209335918,1.4354477429790267,1.0165663112367782,1.055144719770139
107,0.0017038589576282063,1.4481719681156457,1.4355699087748388,1.0160962725234943,1.0537094896512675
108,0.0016176408442843092,1.4480508048174816,1.4356925441486503,1.0157465913772938,1.052279968645507
109,0.0015310776388537991,1.447929474648335,1.4358153049181643,1.0155010926324728,1.050859353601301
110,0.0014481235029881992,1.447808822338946,1.4359373414166465,1.0153282072078562,1.0494549716168324
111,0.001372287842037632,1.4476900162072426,1.436057477803664,1.0151876306730923,1.0480766317108596
112,0.0013043303547870984,1.447574318505692,1.4361744437926085,1.0150380170765096,1.0467346353677232
113,0.0012420809109748552,1.4474628409718961,1.4362871211238015,1.0148443165375722,1.0454377936624069
114,0.0011821938583779828,1.4473563310105495,1.4363947589907065,1.014583485564434,1.0441918048033476
115,0.001122409165136808,1.447255032295307,1.4364971143334084,1.0142476424332152,1.0429982846297694
116,0.001062755940248634,1.4471586492040416,1.4365944874388947,1.0138442497164761,1.041854614011063
117,0.0010050601012789114,1.4470664203480317,1.436687647635512,1.0133934832819171,1.0407545964517433
118,0.0009513469486464928,1.4469772804716206,1.436777670030455,1.0129234707996557,1.03968975082762
119,0.0009023818119525397,1.446890071007179,1.4368657233376665,1.0124644431502796,1.0386509436175377
120,0.0008573036827958932,1.4468037528133226,1.4369528556140907,1.0120429721685027,1.0376300201053585
