t,x_true,y_true,z_true,x_pred,y_pred,z_pred
0.0200,-5.189084,-9.082660,12.832149,-5.173516,-8.926217,12.624229
0.0400,-6.030989,-10.564632,13.238864,-5.990388,-10.429907,13.041148
0.0600,-7.004814,-12.211734,13.997384,-6.956784,-12.195124,13.725433
0.0800,-8.112782,-13.976970,15.199920,-8.081570,-14.091606,14.757240
0.1000,-9.343887,-15.764510,16.942886,-9.350640,-16.001649,16.557956
0.1200,-10.665818,-17.412973,19.304367,-10.724180,-17.743947,19.167668
0.1400,-12.016011,-18.688253,22.304653,-12.129064,-19.063621,22.398779
0.1600,-13.295179,-19.302373,25.852878,-13.457848,-19.688405,26.172806
0.1800,-14.369311,-18.975743,29.699173,-14.559316,-19.230206,29.668313
0.2000,-15.086923,-17.542759,33.431287,-15.284450,-17.772086,32.990035
0.2200,-15.313561,-15.060498,36.554153,-15.533882,-15.477183,36.079037
0.2400,-14.974140,-11.845454,38.645376,-15.255933,-12.524732,38.354254
0.2600,-14.082872,-8.386670,39.508400,-14.446856,-9.154548,39.418071
0.2800,-12.742648,-5.172167,39.224190,-13.184798,-5.971755,39.151090
0.3000,-11.113328,-2.535405,38.074132,-11.606603,-3.177433,38.207472
0.3200,-9.366758,-0.601780,36.401443,-9.851255,-0.865750,36.444269
0.3400,-7.649702,0.670229,34.499500,-8.081210,0.545183,34.172354
0.3600,-6.065348,1.410587,32.565627,-6.453758,1.151753,32.079783
0.3800,-4.671805,1.770804,30.706687,-5.037238,1.504973,30.316732
0.4000,-3.490364,1.885747,28.966358,-3.821814,1.784249,28.723628
0.4200,-2.516792,1.859668,27.352666,-2.789145,1.934332,27.225325
0.4400,-1.731657,1.766067,25.857481,-1.931738,1.932904,25.784652
0.4600,-1.108188,1.653218,24.467664,-1.242508,1.810503,24.365708
0.4800,-0.617551,1.550840,23.170320,-0.708982,1.606881,22.946849
0.5000,-0.232016,1.476010,21.954679,-0.312659,1.372072,21.527899
0.5200,0.073404,1.437789,20.812377,-0.028522,1.164356,20.132961
0.5400,0.320333,1.440600,19.737115,0.173344,1.030275,18.804223
0.5600,0.527032,1.486584,18.724214,0.322995,0.986757,17.584983
0.5800,0.708758,1.577201,17.770243,0.445620,1.025420,16.502510
0.6000,0.878288,1.714289,16.872789,0.559511,1.130263,15.563087
0.6200,1.046510,1.900769,16.030365,0.677041,1.288942,14.758293
0.6400,1.223007,2.141117,15.242453,0.806626,1.494904,14.073200
0.6600,1.416609,2.441714,14.509672,0.954414,1.746369,13.491393
0.6800,1.635904,2.811123,13.834089,1.125485,2.045470,12.997174
0.7000,1.889698,3.260325,13.219708,1.324728,2.398036,12.576509
0.7200,2.187433,3.802905,12.673181,1.557545,2.813525,12.217781
0.7400,2.539555,4.455144,12.204830,1.830328,3.304135,11.912883
0.7600,2.957812,5.235889,11.830064,2.150536,3.882223,11.657672
0.7800,3.455442,6.166013,11.571323,2.526204,4.557083,11.446684
0.8000,4.047158,7.267072,11.460621,2.965311,5.336059,11.258909
0.8200,4.748783,8.558598,11.542699,3.476456,6.235265,11.068876
0.8400,5.576250,10.053110,11.878500,4.072898,7.303909,10.908792
0.8600,6.543590,11.747661,12.548107,4.779378,8.638599,10.886500
0.8800,7.659304,13.610590,13.651112,5.631922,10.307525,11.388288
0.9000,8.920499,15.562908,15.300550,6.661759,12.290354,12.227727
0.9200,10.304321,17.456327,17.604249,7.883432,14.483721,13.215760
0.9400,11.757219,19.056051,20.626570,9.296085,16.803461,15.093143
0.9600,13.184784,20.045807,24.328268,10.884648,19.219422,17.689302
0.9800,14.448373,20.079814,28.498578,12.605554,21.393036,21.223266
1.0000,15.377542,18.895858,32.721089,14.316311,22.469988,25.976758
1.0200,15.804600,16.460071,36.430925,15.735908,21.619417,30.256577
1.0400,15.615439,13.055234,39.084075,16.646324,19.709134,34.700174
1.0600,14.794096,9.221068,40.365358,16.921740,16.508467,38.775114
1.0800,13.434141,5.554570,40.297988,16.449662,12.167831,41.610357
1.1000,11.708361,2.497573,39.181792,15.239578,7.552250,42.135200
1.1200,9.815041,0.239367,37.424179,13.441523,3.336803,41.820648
1.1400,7.929304,-1.248088,35.386728,11.306370,0.272163,39.912048
1.1600,6.176696,-2.113006,33.314641,9.061909,-2.198871,37.736752
1.1800,4.629065,-2.535745,31.338756,6.859818,-3.805440,35.519634
1.2000,3.313801,-2.677859,29.509712,4.855579,-4.477990,33.304697
1.2200,2.227425,-2.663609,27.833693,3.140700,-4.663614,31.051074
1.2400,1.348134,-2.579887,26.297647,1.723962,-4.654227,28.924560
1.2600,0.645281,-2.483369,24.883431,0.579609,-4.521864,27.205894
1.2800,0.085664,-2.408918,23.574250,-0.330593,-4.376407,25.985097
1.3000,-0.362758,-2.376848,22.356786,-1.050634,-4.245419,25.083340
1.3200,-0.728989,-2.398494,21.221354,-1.620527,-4.154842,24.310936
1.3400,-1.038312,-2.480202,20.161386,-2.075752,-4.115800,23.576486
1.3600,-1.312332,-2.626084,19.172848,-2.447529,-4.141754,22.841287
1.3800,-1.569426,-2.839866,18.253833,-2.764051,-4.247531,22.089463
1.4000,-1.825375,-3.126082,17.404407,-3.051229,-4.448918,21.320079
1.4200,-2.094061,-3.490824,16.626702,-3.333111,-4.761074,20.547103
1.4400,-2.388133,-3.942173,15.925271,-3.631788,-5.195052,19.803452
1.4600,-2.719614,-4.490368,15.307708,-3.966403,-5.751390,19.143477
1.4800,-3.100402,-5.147709,14.785562,-4.351142,-6.413790,18.629890
1.5000,-3.542627,-5.928096,14.375596,-4.793770,-7.157833,18.295156
1.5200,-4.058815,-6.846014,14.101412,-5.298263,-7.982653,18.114103
1.5400,-4.661765,-7.914633,13.995408,-5.870413,-8.913968,18.038136
1.5600,-5.363971,-9.142514,14.100890,-6.518649,-9.961966,18.081869
1.5800,-6.176387,-10.528297,14.473817,-7.249799,-11.114885,18.407238
1.6000,-7.106195,-12.052633,15.183098,-8.065024,-12.337757,19.224870
1.6200,-8.153226,-13.667022,16.307427,-8.952884,-13.530054,20.556394
1.6400,-9.304770,-15.280377,17.925505,-9.880317,-14.534263,22.284800
1.6600,-10.528915,-16.746823,20.095834,-10.790928,-15.188933,24.288427
1.6800,-11.767592,-17.862709,22.823683,-11.612581,-15.371454,26.454407
1.7000,-12.932172,-18.385372,26.019028,-12.270705,-15.034094,28.643630
1.7200,-13.906289,-18.085446,29.461584,-12.702489,-14.206569,30.690799
1.7400,-14.560790,-16.830281,32.802107,-12.865408,-12.958257,32.526505
1.7600,-14.781772,-14.667097,35.626633,-12.735546,-11.339644,34.025789
1.7800,-14.504281,-11.851276,37.576895,-12.307925,-9.458249,34.812767
1.8000,-13.736548,-8.782448,38.470293,-11.616725,-7.609195,34.806375
1.8200,-12.561021,-5.872678,38.347107,-10.732536,-5.961856,34.379821
1.8400,-11.110854,-3.422444,37.420290,-9.731712,-4.563323,33.674973
1.8600,-9.534268,-1.567183,35.971111,-8.681683,-3.417192,32.662418
1.8800,-7.963021,-0.298699,34.256144,-7.645453,-2.600996,31.417307
1.9000,-6.494566,0.476801,32.460819,-6.683826,-2.143991,30.089028
1.9200,-5.188197,0.882859,30.695623,-5.840158,-1.956400,28.775276
1.9400,-4.070261,1.036848,29.013996,-5.131891,-1.933453,27.506227
1.9600,-3.143005,1.033864,27.434107,-4.558099,-2.011735,26.286651
1.9800,-2.393430,0.943511,25.955962,-4.109874,-2.163279,25.113556
2.0000,-1.800447,0.812895,24.572119,-3.776562,-2.377966,23.980336
2.0200,-1.339971,0.671625,23.273328,-3.548324,-2.652909,22.880384
2.0400,-0.988158,0.536747,22.050978,-3.417019,-2.989485,21.809576
2.0600,-0.723247,0.416827,20.897842,-3.376738,-3.394070,20.767607
2.0800,-0.526413,0.315045,19.808071,-3.424370,-3.878637,19.761071
2.1000,-0.381993,0.231389,18.776920,-3.559947,-4.458968,18.811328
2.1200,-0.277345,0.164136,17.800463,-3.786200,-5.148406,17.966879
2.1400,-0.202511,0.110804,16.875340,-4.106404,-5.945228,17.302779
2.1600,-0.149814,0.068721,15.998597,-4.520654,-6.825035,16.868366
2.1800,-0.113446,0.035338,15.167561,-5.025279,-7.772933,16.624713
2.2000,-0.089086,0.008378,14.379775,-5.618341,-8.811372,16.500011
2.2200,-0.073583,-0.014128,13.632950,-6.303906,-9.974584,16.562438
2.2400,-0.064686,-0.033850,12.924941,-7.091540,-11.296536,17.069871
2.2600,-0.060828,-0.052215,12.253723,-7.989408,-12.747422,18.157682
2.2800,-0.060970,-0.070460,11.617385,-8.988646,-14.188050,19.738786
2.3000,-0.064470,-0.089708,11.014121,-10.051297,-15.424709,21.712411
2.3200,-0.071003,-0.111028,10.442223,-11.110469,-16.261215,23.986290
2.3400,-0.080495,-0.135502,9.900077,-12.078402,-16.533205,26.456127
2.3600,-0.093088,-0.164292,9.386159,-12.860608,-16.154851,29.026174
2.3800,-0.109122,-0.198705,8.899035,-13.374686,-15.157330,31.468720
2.4000,-0.129132,-0.240269,8.437363,-13.564156,-13.634467,33.574972
2.4200,-0.153860,-0.290808,7.999890,-13.400177,-11.684012,35.297444
2.4400,-0.184277,-0.352540,7.585465,-12.879648,-9.429344,36.184125
2.4600,-0.221628,-0.428187,7.193046,-12.047350,-7.243157,36.138560
2.4800,-0.267483,-0.521110,6.821724,-10.990368,-5.305258,35.635896
2.5000,-0.323808,-0.635476,6.470754,-9.798928,-3.658486,34.766379
2.5200,-0.393059,-0.776459,6.139608,-8.555177,-2.339764,33.507097
2.5400,-0.478301,-0.950497,5.828054,-7.342972,-1.491813,32.044122
2.5600,-0.583349,-1.165598,5.536286,-6.236795,-1.053243,30.591303
2.5800,-0.712958,-1.431728,5.265116,-5.274617,-0.844060,29.214056
2.6000,-0.873044,-1.761268,5.016276,-4.461280,-0.754703,27.903709
2.6200,-1.070966,-2.169579,4.792886,-3.788131,-0.752665,26.645210
2.6400,-1.315861,-2.675635,4.600163,-3.244636,-0.830880,25.422538
2.6600,-1.619044,-3.302740,4.446516,-2.820680,-0.979391,24.224371
2.6800,-1.994465,-4.079218,4.345216,-2.505509,-1.180501,23.051470
2.7000,-2.459190,-5.038934,4.316907,-2.287016,-1.415099,21.914402
2.7200,-3.033858,-6.221260,4.393345,-2.152501,-1.670842,20.825850
2.7400,-3.742930,-7.669788,4.622807,-2.090365,-1.946092,19.794589
2.7600,-4.614457,-9.428431,5.077574,-2.091730,-2.248631,18.823178
2.7800,-5.678755,-11.532589,5.863439,-2.151339,-2.592406,17.908494
2.8000,-6.964975,-13.991589,7.129796,-2.267791,-2.995252,17.044594
2.8200,-8.493908,-16.757416,9.075400,-2.443466,-3.477990,16.228552
2.8400,-10.264776,-19.675643,11.938099,-2.684272,-4.063282,15.469953
2.8600,-12.234067,-22.422995,15.946852,-2.998872,-4.770738,14.799754
2.8800,-14.287613,-24.460389,21.208649,-3.396513,-5.605611,14.259969
2.9000,-16.215908,-25.072114,27.525388,-3.883960,-6.556406,13.862158
2.9200,-17.716679,-23.583940,34.219194,-4.466003,-7.627622,13.589212
2.9400,-18.454952,-19.759713,40.162731,-5.150891,-8.856724,13.524004
2.9600,-18.183312,-14.130619,44.182535,-5.955379,-10.310055,13.870599
2.9800,-16.862616,-7.881227,45.661818,-6.902504,-12.024105,14.655107
3.0000,-14.691956,-2.265202,44.836662,-8.004439,-13.893385,15.774489
3.0200,-12.020255,1.964786,42.526869,-9.246393,-15.748280,17.377108
3.0400,-9.209040,4.688194,39.617002,-10.585390,-17.415105,19.691970
3.0600,-6.534221,6.184844,36.721688,-11.949140,-18.667119,22.697271
3.0800,-4.156605,6.850398,34.137689,-13.231891,-19.226597,26.193810
3.1000,-2.139277,7.030694,31.943372,-14.291642,-18.788858,29.482542
3.1200,-0.480296,6.972386,30.110231,-14.992662,-17.416426,32.720569
3.1400,0.857896,6.832125,28.575637,-15.241607,-15.245549,35.661158
3.1600,1.927990,6.701769,27.278054,-14.989435,-12.454497,37.868956
3.1800,2.785564,6.631403,26.169450,-14.232108,-9.255407,38.936841
3.2000,3.482629,6.645792,25.216964,-13.041594,-6.220535,38.718158
3.2200,4.064747,6.754931,24.400669,-11.546814,-3.549949,37.862498
3.2400,4.570174,6.960415,23.710587,-9.877887,-1.318960,36.271068
3.2600,5.030032,7.259044,23.144124,-8.181391,0.134357,34.150193
3.2800,5.468922,7.644614,22.704139,-6.605252,0.796138,32.125686
3.3000,5.905634,8.108511,22.397543,-5.226177,1.146120,30.389261
3.3200,6.353751,8.639463,22.234180,-4.044424,1.397434,28.806519
3.3400,6.822038,9.222722,22.225681,-3.043520,1.528871,27.296081
3.3600,7.314586,9.838909,22.384055,-2.215273,1.509258,25.822903
3.3800,7.830699,10.462814,22.719733,-1.554022,1.358148,24.361837
3.4000,8.364620,11.062519,23.238906,-1.049130,1.118880,22.902594
3.4200,8.905209,11.599373,23.940127,-0.682844,0.845602,21.453657
3.4400,9.435807,12.029440,24.810445,-0.430395,0.596579,20.042725
3.4600,9.934575,12.306979,25.821753,-0.262437,0.414821,18.708441
3.4800,10.375604,12.390180,26.928499,-0.150180,0.312314,17.484557
3.5000,10.731054,12.248643,28.068175,-0.070249,0.277004,16.388159
3.5200,10.974305,11.871095,29.165755,-0.006277,0.291312,15.419064
3.5400,11.083782,11.271002,30.142258,0.052376,0.342506,14.566247
3.5600,11.046705,10.487650,30.926029,0.112671,0.423920,13.814199
3.5800,10.861823,9.581438,31.463819,0.179516,0.533321,13.146520
3.6000,10.540298,8.624167,31.728334,0.256791,0.671276,12.547386
3.6200,10.104417,7.687141,31.720036,0.347924,0.839901,12.001934
3.6400,9.584445,6.830606,31.463143,0.456170,1.041947,11.496036
3.6600,9.014502,6.097249,30.997826,0.584694,1.280193,11.015695
3.6800,8.428453,5.510557,30.371437,0.736575,1.557257,10.546342
3.7000,7.856649,5.077172,29.631182,0.914824,1.876016,10.072744
3.7200,7.323915,4.791440,28.819380,1.122545,2.240737,9.581279
3.7400,6.848799,4.640427,27.971361,1.363406,2.659397,9.068733
3.7600,6.443805,4.608239,27.115321,1.642800,3.149638,8.564576
3.7800,6.116270,4.679131,26.273325,1.970666,3.753024,8.160932
3.8000,5.869512,4.839382,25.462762,2.365750,4.543755,7.967821
3.8200,5.704026,5.078137,24.697836,2.853909,5.567360,7.898842
3.8400,5.618529,5.387522,23.990876,3.452926,6.744098,7.724923
3.8600,5.610795,5.762259,23.353412,4.171249,8.073849,7.818557
3.8800,5.678237,6.198980,22.797019,5.042292,9.869949,8.323222
3.9000,5.818234,6.695326,22.333957,6.110788,11.995167,8.879572
3.9200,6.028227,7.248884,21.977617,7.467378,15.167999,10.332727
3.9400,6.305580,7.855952,21.742746,9.153973,18.326090,11.494242
3.9600,6.647237,8.510127,21.645374,11.039834,20.673664,13.233732
3.9800,7.049156,9.200728,21.702312,12.925153,22.039941,16.521285
4.0000,7.505562,9.911126,21.930035,14.698328,23.098912,22.923913
4.0200,8.008030,10.617182,22.342756,16.233544,22.914218,29.498136
4.0400,8.544490,11.286172,22.949499,17.283942,20.933767,34.222990
4.0600,9.098314,11.876779,23.750202,17.648555,17.517066,38.191036
4.0800,9.647718,12.340897,24.731166,17.205987,12.918627,41.678443
4.1000,10.165827,12.627952,25.860733,15.952151,7.839793,42.741557
4.1200,10.621779,12.691997,27.086664,14.043383,3.284627,42.085006
4.1400,10.983125,12.500885,28.337007,11.761796,-0.065728,40.093872
4.1600,11.219505,12.045535,29.525914,9.353086,-2.747873,37.861923
4.1800,11.307114,11.346243,30.564467,6.978554,-4.561672,35.588579
4.2000,11.232974,10.453069,31.374463,4.794929,-5.443601,33.306982
4.2200,10.997836,9.439001,31.901289,2.883937,-5.959477,30.974388
4.2400,10.616729,8.387403,32.121762,1.272571,-6.001246,28.892803
4.2600,10.116901,7.377646,32.044568,-0.011607,-5.619340,27.442409
4.2800,9.533716,6.473378,31.703928,-1.001393,-5.339018,26.521305
4.3000,8.905657,5.716312,31.149450,-1.770399,-5.158054,25.751494
4.3200,8.269678,5.125937,30.435802,-2.375623,-5.064419,25.034010
4.3400,7.657783,4.703527,29.614823,-2.861989,-5.053775,24.329290
4.3600,7.095163,4.438078,28.731042,-3.266877,-5.135763,23.627620
4.3800,6.599767,4.312195,27.820215,-3.622820,-5.321194,22.935224
4.4000,6.182916,4.306763,26.909900,-3.958078,-5.616690,22.273851
4.4200,5.850511,4.404060,26.021025,-4.296194,-6.020001,21.680598
4.4400,5.604441,4.589438,25.169735,-4.654873,-6.516322,21.201255
4.4600,5.443939,4.851920,24.369105,-5.044971,-7.081137,20.872005
4.4800,5.366724,5.184080,23.630565,-5.471418,-7.696446,20.697936
4.5000,5.369873,5.581472,22.965018,-5.937225,-8.368857,20.653704
4.5200,5.450403,6.041803,22.383721,-6.447749,-9.121661,20.712253
4.5400,5.605581,6.563936,21.898954,-7.010497,-9.963267,20.874781
4.5600,5.832981,7.146732,21.524512,-7.629713,-10.863170,21.182107
4.5800,6.130307,7.787729,21.275993,-8.300050,-11.756053,21.710842
4.6000,6.494993,8.481604,21.170801,-9.003657,-12.561374,22.539321
4.6200,6.923565,9.218402,21.227697,-9.710655,-13.193073,23.681277
4.6400,7.410789,9.981597,21.465703,-10.381322,-13.570040,25.071413
4.6600,7.948617,10.746171,21.902059,-10.970460,-13.634854,26.607886
4.6800,8.525006,11.477123,22.549014,-11.433830,-13.366260,28.189460
4.7000,9.122771,12.129088,23.409347,-11.734036,-12.773174,29.733039
4.7200,9.718761,12.647997,24.470933,-11.842891,-11.873943,31.148338
4.7400,10.283743,12.975725,25.701306,-11.740781,-10.688866,32.259414
4.7600,10.783481,13.058220,27.043978,-11.422877,-9.318195,32.828311
4.7800,11.181378,12.856461,28.418806,-10.912863,-7.955249,32.833204
4.8000,11.442720,12.357904,29.728400,-10.259784,-6.729908,32.499980
4.8200,11.539977,11.584573,30.870904,-9.519094,-5.687006,31.968311
4.8400,11.457970,10.593897,31.756707,-8.740700,-4.832889,31.244206
4.8600,11.197414,9.470475,32.324163,-7.967427,-4.181423,30.330700
4.8800,10.775592,8.310662,32.548991,-7.237952,-3.758565,29.278013
4.9000,10.223827,7.205021,32.444344,-6.585876,-3.562252,28.154036
4.9200,9.582491,6.224364,32.052505,-6.034948,-3.556550,27.010477
4.9400,8.895030,5.412924,31.432209,-5.597256,-3.698333,25.877837
4.9600,8.202539,4.788838,30.646226,-5.275840,-3.955596,24.775014
4.9800,7.539916,4.349642,29.752352,-5.068702,-4.310520,23.718408
5.0000,6.933942,4.079708,28.798734,-4.971972,-4.755613,22.728302
5.0200,6.403037,3.957224,27.822796,-4.981621,-5.288004,21.833804
5.0400,5.958180,3.959485,26.852406,-5.093689,-5.902381,21.076792
5.0600,5.604433,4.066202,25.908009,-5.303073,-6.583360,20.507521
5.0800,5.342629,4.261161,25.004884,-5.601830,-7.306003,20.155208
5.1000,5.170934,4.532669,24.155127,-5.979875,-8.056592,19.995582
5.1200,5.086133,4.873269,23.369222,-6.429410,-8.851673,19.977419
5.1400,5.084584,5.279030,22.657250,-6.947801,-9.712720,20.083316
5.1600,5.162849,5.748612,22.029820,-7.533853,-10.627798,20.356823
5.1800,5.318034,6.282211,21.498802,-8.181036,-11.549250,20.888629
5.2000,5.547855,6.880372,21.077901,-8.873115,-12.407024,21.758068
5.2200,5.850469,7.542631,20.783071,-9.582320,-13.113090,22.961212
5.2400,6.224066,8.265924,20.632688,-10.269480,-13.575778,24.418073
5.2600,6.666218,9.042694,20.647332,-10.887696,-13.724925,26.021157
5.2800,7.172977,9.858689,20.848923,-11.389300,-13.529688,27.664421
5.3000,7.737714,10.690608,21.258898,-11.732968,-12.996192,29.262351
5.3200,8.349754,11.503932,21.895048,-11.887494,-12.147531,30.740704
5.3400,8.992941,12.251665,22.766771,-11.831181,-11.003519,31.957425
5.3600,9.644392,12.875050,23.868828,-11.554710,-9.635800,32.667921
5.3800,10.273902,13.307550,25.174403,-11.074968,-8.233093,32.766711
5.4000,10.844571,13.483133,26.629310,-10.437879,-6.952906,32.455882
5.4200,11.315217,13.348719,28.150165,-9.700414,-5.856721,31.922493
5.4400,11.644860,12.878623,29.629465,-8.915635,-4.956833,31.196469
5.4600,11.798840,12.086492,30.949007,-8.129212,-4.264287,30.275981
5.4800,11.755340,11.029345,31.999670,-7.382080,-3.806700,29.204968
5.5000,11.510403,9.800237,32.701867,-6.710538,-3.589465,28.053970
5.5200,11.079701,8.510673,33.019399,-6.141483,-3.579778,26.881321
5.5400,10.496276,7.268725,32.961795,-5.689562,-3.731579,25.722792
5.5600,9.804935,6.160523,32.575349,-5.359162,-4.007763,24.600712
5.5800,9.055077,5.240466,31.927646,-5.148518,-4.386022,23.534024
5.6000,8.293962,4.531010,31.091823,-5.053271,-4.855776,22.545141
5.6200,7.561845,4.029207,30.134998,-5.068526,-5.411953,21.665067
5.6400,6.889497,3.715952,29.112298,-5.189204,-6.046924,20.937102
5.6600,6.297835,3.564708,28.065581,-5.408842,-6.742884,20.409194
5.6800,5.799008,3.548033,27.025009,-5.718183,-7.475270,20.099794
5.7000,5.398238,3.641613,26.011794,-6.106671,-8.236042,19.973778
5.7200,5.095850,3.826186,25.041017,-6.567044,-9.045565,19.982767
5.7400,4.889137,4.088034,24.124021,-7.096912,-9.919769,20.123111
5.7600,4.773889,4.418601,23.270249,-7.693905,-10.837815,20.451837
5.7800,4.745531,4.813677,22.488610,-8.349203,-11.746737,21.062482
5.8000,4.799880,5.272379,21.788504,-9.043857,-12.572345,22.016466
5.8200,4.933578,5.796062,21.180631,-9.747318,-13.224465,23.286904
5.8400,5.144242,6.387148,20.677670,-10.418264,-13.615053,24.783934
5.8600,5.430358,7.047838,20.294849,-11.009192,-13.683017,26.399528
5.8800,5.790949,7.778590,20.050376,-11.473684,-13.407474,28.032006
5.9000,6.224991,8.576267,19.965592,-11.772903,-12.800619,29.602437
5.9200,6.730565,9.431858,20.064644,-11.878193,-11.885131,31.029499
5.9400,7.303709,10.327782,20.373316,-11.770140,-10.683345,32.143051
5.9600,7.936957,11.234971,20.916569,-11.444282,-9.295800,32.701097
5.9800,8.617642,12.110282,21.714302,-10.924976,-7.919464,32.677487
6.0000,9.326140,12.895249,22.775009,-10.262375,-6.686399,32.303465
6.0200,10.034446,13.517720,24.087597,-9.513110,-5.642200,31.725557
6.0400,10.705722,13.898114,25.612700,-8.728238,-4.794663,30.954284
6.0600,11.295587,13.961448,27.276325,-7.951808,-4.159417,29.995885
6.0800,11.755858,13.654302,28.969843,-7.223637,-3.762385,28.903225
6.1000,12.040857,12.962760,30.559985,-6.578072,-3.599724,27.745883
6.1200,12.115399,11.924521,31.909376,-6.039139,-3.633684,26.576717
6.1400,11.962417,10.628330,32.902974,-5.618851,-3.819549,25.427797
6.1600,11.587667,9.198279,33.471263,-5.319908,-4.123731,24.320537
6.1800,11.019639,7.767661,33.601131,-5.139762,-4.526938,23.274867
6.2000,10.304533,6.452233,33.330870,-5.073841,-5.020171,22.315415
6.2200,9.498011,5.332289,32.733165,-5.117191,-5.598032,21.476338
6.2400,8.656385,4.447554,31.894266,-5.264408,-6.250328,20.803488
6.2600,7.829557,3.802837,30.896813,-5.508210,-6.956172,20.340118
6.2800,7.056844,3.379171,29.809845,-5.838575,-7.692989,20.089258
6.3000,6.365701,3.145454,28.685626,-6.245364,-8.461393,20.006137
6.3200,5.772578,3.067639,27.560998,-6.722748,-9.284747,20.051148
6.3400,5.284983,3.114614,26.460764,-7.268931,-10.170185,20.237822
6.3600,4.903945,3.261167,25.401387,-7.880196,-11.086277,20.635643
6.3800,4.626373,3.488900,24.394149,-8.545053,-11.973606,21.335296
6.4000,4.447022,3.785930,23.447536,-9.241373,-12.753215,22.375620
6.4200,4.359984,4.145987,22.568937,-9.935519,-13.334371,23.708873
6.4400,4.359725,4.567295,21.765858,-10.584186,-13.635582,25.238123
6.4600,4.441722,5.051414,21.046824,-11.139903,-13.607320,26.856272
6.4800,4.602776,5.602098,20.422148,-11.558321,-13.239479,28.467998
6.5000,4.841066,6.224136,19.904615,-11.803738,-12.549257,29.999598
6.5200,5.155964,6.922065,19.510140,-11.850325,-11.557285,31.353318
6.5400,5.547639,7.698614,19.258336,-11.681720,-10.295696,32.326240
6.5600,6.016398,8.552721,19.172860,-11.300338,-8.901224,32.704934
6.5800,6.561754,9.476978,19.281285,-10.738952,-7.565269,32.559037
6.6000,7.181121,10.454445,19.614073,-10.051049,-6.390444,32.123253
6.6200,7.868135,11.454985,20.202078,-9.291988,-5.407259,31.495871
6.6400,8.610600,12.431713,21.071855,-8.510373,-4.621626,30.674963
6.6600,9.388265,13.318728,22.238237,-7.748518,-4.054250,29.678681
6.6800,10.170866,14.032125,23.694205,-7.044750,-3.725964,28.567543
6.7000,10.917203,14.476724,25.399503,-6.430758,-3.622516,27.407862
6.7200,11.576305,14.560426,27.271513,-5.927148,-3.702513,26.246202
6.7400,12.091683,14.215641,29.183848,-5.543085,-3.923866,25.111075
6.7600,12.409013,13.422859,30.977999,-5.279581,-4.257186,24.023297
6.7800,12.486187,12.227061,32.489394,-5.133394,-4.686422,23.004117
6.8000,12.303041,10.737238,33.581736,-5.099815,-5.204009,22.080742
6.8200,11.867301,9.105461,34.176880,-5.173820,-5.803644,21.290798
6.8400,11.214205,7.492254,34.267626,-5.349553,-6.471943,20.681544
6.8600,10.399720,6.032338,33.909076,-5.618822,-7.185641,20.287477
6.8800,9.489876,4.813421,33.194846,-5.971091,-7.926839,20.094694
6.9000,8.549817,3.872436,32.229993,-6.397142,-8.705280,20.053824
6.9200,7.635517,3.205157,31.110386,-6.892672,-9.543616,20.138849
6.9400,6.789379,2.781516,29.912187,-7.455969,-10.437715,20.380786
6.9600,6.039421,2.560162,28.689969,-8.081387,-11.346073,20.858721
6.9800,5.400895,2.499061,27.479859,-8.754383,-12.203165,21.653990
7.0000,4.879117,2.561647,26.304454,-9.449425,-12.925952,22.779836
7.0200,4.472551,2.719455,25.177520,-10.129860,-13.425250,24.170597
7.0400,4.175576,2.952508,24.107672,-10.750861,-13.628443,25.724813
7.0600,3.980709,3.248515,23.100951,-11.265669,-13.498535,27.338048
7.0800,3.880214,3.601591,22.162538,-11.632572,-13.035367,28.922721
7.1000,3.867184,4.010895,21.297906,-11.819190,-12.258953,30.405838
7.1200,3.936183,4.479370,20.513658,-11.802481,-11.187892,31.663597
7.1400,4.083560,5.012620,19.818241,-11.570173,-9.875472,32.466846
7.1600,4.307509,5.617851,19.222650,-11.133164,-8.491164,32.664408
7.1800,4.607920,6.302777,18.741176,-10.532095,-7.205788,32.412079
7.2000,4.986052,7.074309,18.392185,-9.822219,-6.094517,31.918683
7.2200,5.443980,7.936834,18.198861,-9.056891,-5.175783,31.238542
7.2400,5.983782,8.889847,18.189713,-8.282209,-4.457148,30.367192
7.2600,6.606365,9.924734,18.398480,-7.538868,-3.962845,29.336191
7.2800,7.309831,11.020623,18.862857,-6.863368,-3.705376,28.210712
7.3000,8.087313,12.139510,19.621171,-6.284249,-3.660826,27.051924
7.3200,8.924314,13.221514,20.705974,-5.818560,-3.786179,25.900348
7.3400,9.795811,14.182067,22.133745,-5.472774,-4.042908,24.781703
7.3600,10.663786,14.914032,23.890854,-5.246428,-4.405898,23.716809
7.3800,11.476334,15.298371,25.918255,-5.135741,-4.862033,22.728661
7.4000,12.169889,15.225808,28.100627,-5.135905,-5.404606,21.847442
7.4200,12.675895,14.627498,30.268329,-5.241734,-6.025586,21.114236
7.4400,12.932008,13.505583,32.219161,-5.446723,-6.708003,20.575346
7.4600,12.895644,11.948856,33.758965,-5.741721,-7.427833,20.252062
7.4800,12.555459,10.121199,34.748102,-6.116081,-8.174671,20.114624
7.5000,11.936018,8.223156,35.133532,-6.561956,-8.966010,20.115557
7.5200,11.093293,6.442470,34.951939,-7.076372,-9.819404,20.245974
7.5400,10.102715,4.915096,34.305207,-7.657019,-10.718078,20.553263
7.5600,9.044448,3.709862,33.323284,-8.295742,-11.611528,21.121745
7.5800,7.990758,2.835651,32.131462,-8.974623,-12.428532,22.016477
7.6000,6.998310,2.260832,30.831281,-9.664617,-13.083279,23.224352
7.6200,6.105631,1.934120,29.495088,-10.326304,-13.490628,24.665517
7.6400,5.334438,1.800578,28.169306,-10.913960,-13.588918,26.236404
7.6600,4.693001,1.811181,26.881160,-11.382263,-13.353917,27.837226
7.6800,4.180122,1.927046,25.645406,-11.692604,-12.793837,29.388226
7.7000,3.788801,2.120237,24.469583,-11.815938,-11.929014,30.809538
7.7200,3.509197,2.372768,23.357592,-11.732100,-10.779369,31.943196
7.7400,3.330793,2.674910,22.311907,-11.434482,-9.431691,32.552710
7.7600,3.243847,3.023431,21.334908,-10.943599,-8.074645,32.580339
7.7800,3.240284,3.420037,20.429710,-10.306556,-6.848241,32.238454
7.8000,3.314161,3.870114,19.600784,-9.578825,-5.804348,31.689038
7.8200,3.461856,4.381725,18.854520,-8.811233,-4.953080,30.953258
7.8400,3.682047,4.964785,18.199881,-8.047501,-4.306468,30.032631
7.8600,3.975563,5.630249,17.649174,-7.326753,-3.889060,28.971441
7.8800,4.345091,6.389169,17.218991,-6.683204,-3.702692,27.836094
7.9000,4.794744,7.251352,16.931265,-6.141847,-3.715580,26.681406
7.9200,5.329401,8.223382,16.814361,-5.716192,-3.885064,25.542529
7.9400,5.953724,9.305641,16.903911,-5.410268,-4.176823,24.443250
7.9600,6.670694,10.488039,17.242895,-5.222387,-4.569872,23.404990
7.9800,7.479499,11.744265,17.880084,-5.148367,-5.053558,22.452914
8.0000,8.372649,13.024863,18.865507,-5.183314,-5.621279,21.620536
